{"noiseKey":{"private":{"type":"Buffer","data":"KEEeQf/4AubjbPE32+hnea1tBJ9vGGToVJxJA/AWf28="},"public":{"type":"Buffer","data":"5u31C1/PNzn12jBplzylKGK2o0AdlTk4uU5riHGrAWc="}},"pairingEphemeralKeyPair":{"private":{"type":"Buffer","data":"CDR0cROvYE3XS2e8Yux3b9vvWZwjMd+V2RLMBeTQZmw="},"public":{"type":"Buffer","data":"8dZa4WeT61T01PpQBuCyRZBN1CcmYOcfZrL+xg1k8wk="}},"signedIdentityKey":{"private":{"type":"Buffer","data":"MF4ZfpckGiI/bzcUiP6YOut+1LMexsh3WoJcq0qa2lo="},"public":{"type":"Buffer","data":"wiUxxx3v3PSHKpWxTW1DqDxJ8F4uOMnuApbnSZ4/7FE="}},"signedPreKey":{"keyPair":{"private":{"type":"Buffer","data":"2GP0clnDc8OG1ZQ3wkbNN0gPgPS1KZxKoccWlF5S4UA="},"public":{"type":"Buffer","data":"V4i/bHQy9lvwSGyS9cd2QplgxzJ9VW1/Gz2msv8nPBc="}},"signature":{"type":"Buffer","data":"xJBCjWUiy22Bf2FkfPJnDT3IBorvDscAvJ6R8JKo3OzFZIq6iRK9UNdSDFOHdqHspqci6IleWMGs/lhCxAQogg=="},"keyId":1},"registrationId":229,"advSecretKey":"BmF3JhVc7HNQD9oTo+BvIY18E5SdgW3wsP6C851u5po=","processedHistoryMessages":[{"key":{"remoteJid":"254750433158@s.whatsapp.net","fromMe":true,"id":"9772138C33D2B43AB1866A53442D94DF"},"messageTimestamp":1746105446}],"nextPreKeyId":31,"firstUnuploadedPreKeyId":31,"accountSyncCounter":0,"accountSettings":{"unarchiveChats":false},"deviceId":"Pe3_ny4BT46MpFpOBJ3C7g","phoneId":"1567952b-f79f-4124-8981-f1efeedbd93c","identityId":{"type":"Buffer","data":"xIJ4sX2JdZRTs0F/L6rQRF0wQpg="},"registered":true,"backupToken":{"type":"Buffer","data":"23ZrUw46mEeaUpEB3NqmiCM8ENs="},"registration":{},"pairingCode":"5A7MEVX7","me":{"id":"254750433158:15@s.whatsapp.net"},"account":{"details":"CICtu6YGELXozcAGGAEgACgA","accountSignatureKey":"u3dDcvfIBi2FrIwSAFNNi4B+mvDeUzrn6si/laE79E4=","accountSignature":"wbJOklUaPXh8Kt46Y7mX/kKeIHIgm4oh6NkM7lQv2ckkwtizZzIFxhwUFFVIieWCxkqKq2QUSEF8q/VXlNtcCQ==","deviceSignature":"3ij4CkznaLbrP3LVl87UfeVFI7FQihA3RBdISboztRL08hdPw/X0F/hM/IrcewZ6DE3TGdoUttF3lzMVV5IDiQ=="},"signalIdentities":[{"identifier":{"name":"254750433158:15@s.whatsapp.net","deviceId":0},"identifierKey":{"type":"Buffer","data":"Bbt3Q3L3yAYthayMEgBTTYuAfprw3lM65+rIv5WhO/RO"}}],"platform":"android","lastAccountSyncTimestamp":1746105410,"myAppStateKeyId":"AAAAACyE"}